{
    "board_region": [
        95,
        251,
        1806,
        1874
    ],
    "next_tile_region": [
        2250,
        487,
        2633,
        870
    ],
    "tile_colors": {
        "192": {
            "lower": [
                54.86571740814226,
                167.4191238103322,
                132.5218729111184
            ],
            "upper": [
                74.86571740814226,
                187.4191238103322,
                152.5218729111184
            ],
            "average": [
                64.86571740814226,
                177.4191238103322,
                142.5218729111184
            ]
        },
        "96": {
            "lower": [
                99.91262506763998,
                197.90178145126208,
                143.30782289467263
            ],
            "upper": [
                119.91262506763998,
                217.90178145126208,
                163.30782289467263
            ],
            "average": [
                109.91262506763998,
                207.90178145126208,
                153.30782289467263
            ]
        },
        "48": {
            "lower": [
                100.64343388258762,
                150.52980933484704,
                100.85894280045412
            ],
            "upper": [
                120.64343388258762,
                170.52980933484704,
                120.85894280045412
            ],
            "average": [
                110.64343388258762,
                160.52980933484704,
                110.85894280045412
            ]
        },
        "24": {
            "lower": [
                56.123237381828986,
                159.74825197084317,
                138.87234877823636
            ],
            "upper": [
                76.12323738182899,
                179.74825197084317,
                158.87234877823636
            ],
            "average": [
                66.12323738182899,
                169.74825197084317,
                148.87234877823636
            ]
        },
        "6": {
            "lower": [
                79.79508535899586,
                167.5257456312534,
                105.95772368937601
            ],
            "upper": [
                99.79508535899586,
                187.5257456312534,
                125.95772368937601
            ],
            "average": [
                89.79508535899586,
                177.5257456312534,
                115.95772368937601
            ]
        },
        "3": {
            "lower": [
                53.57534827955734,
                175.2903754947002,
                126.0055088117646
            ],
            "upper": [
                73.57534827955735,
                195.2903754947002,
                146.0055088117646
            ],
            "average": [
                63.57534827955734,
                185.2903754947002,
                136.0055088117646
            ]
        },
        "1": {
            "lower": [
                233.46637099597874,
                53.634181795032305,
                78.6623730755764
            ],
            "upper": [
                253.46637099597874,
                73.6341817950323,
                98.6623730755764
            ],
            "average": [
                243.46637099597874,
                63.634181795032305,
                88.6623730755764
            ]
        },
        "12": {
            "lower": [
                86.05848691586472,
                195.9469030617478,
                134.72335692332723
            ],
            "upper": [
                106.05848691586472,
                215.9469030617478,
                154.72335692332723
            ],
            "average": [
                96.05848691586472,
                205.9469030617478,
                144.72335692332723
            ]
        },
        "2": {
            "lower": [
                90.96255663190061,
                89.24175322815097,
                214.0
            ],
            "upper": [
                110.96255663190061,
                109.24175322815097,
                234.0
            ],
            "average": [
                100.96255663190061,
                99.24175322815097,
                224.0
            ]
        }
    },
    "grid_params": {
        "tile_width": 383,
        "tile_height": 383,
        "gap_x": 59,
        "gap_y": 30,
        "tile_positions": [
            [
                [
                    0,
                    0,
                    383,
                    383
                ],
                [
                    442,
                    0,
                    825,
                    383
                ],
                [
                    884,
                    0,
                    1267,
                    383
                ],
                [
                    1326,
                    0,
                    1709,
                    383
                ]
            ],
            [
                [
                    0,
                    413,
                    383,
                    796
                ],
                [
                    442,
                    413,
                    825,
                    796
                ],
                [
                    884,
                    413,
                    1267,
                    796
                ],
                [
                    1326,
                    413,
                    1709,
                    796
                ]
            ],
            [
                [
                    0,
                    826,
                    383,
                    1209
                ],
                [
                    442,
                    826,
                    825,
                    1209
                ],
                [
                    884,
                    826,
                    1267,
                    1209
                ],
                [
                    1326,
                    826,
                    1709,
                    1209
                ]
            ],
            [
                [
                    0,
                    1239,
                    383,
                    1622
                ],
                [
                    442,
                    1239,
                    825,
                    1622
                ],
                [
                    884,
                    1239,
                    1267,
                    1622
                ],
                [
                    1326,
                    1239,
                    1709,
                    1622
                ]
            ]
        ]
    }
}